-- CREATE TABLES
CREATE TABLE inda_01.D_VI_TRI_SIEU_THI (
    VI_TRI_ID NUMBER PRIMARY KEY NOT NULL,
    LOAI_VI_TRI VARCHAR2(30),
    MIEU_TA VARCHAR2(225)
);

CREATE TABLE inda_01.D_CHI_NHANH (
    CHI_NHANH_ID NUMBER PRIMARY KEY NOT NULL,
    TEN_CHI_NHANH VARCHAR2(50)
);

CREATE TABLE inda_01.D_SIEU_THI (
    SIEU_THI_ID NUMBER PRIMARY KEY NOT NULL,
    DIA_CHI VARCHAR2(50),
    DIEN_TICH_MAT_BANG NUMBER,
    VI_TRI_ID NUMBER,
    CHI_NHANH_ID NUMBER,
    FOREIGN KEY (VI_TRI_ID) REFERENCES inda_01.D_VI_TRI_SIEU_THI(VI_TRI_ID),
    FOREIGN KEY (CHI_NHANH_ID) REFERENCES inda_01.D_CHI_NHANH(CHI_NHANH_ID)
);

---
CREATE TABLE inda_01.D_NHA_CUNG_CAP (
    NHA_CUNG_CAP_ID NUMBER PRIMARY KEY,
    TEN_NHA_CUNG_CAP VARCHAR2(100),
    DIA_CHI VARCHAR2(50)
);

CREATE TABLE inda_01.D_MAT_HANG (
    MAT_HANG_ID NUMBER PRIMARY KEY NOT NULL,
    TEN_MAT_HANG VARCHAR2(50)
);

CREATE TABLE inda_01.D_SAN_PHAM (
    SAN_PHAM_ID NUMBER PRIMARY KEY NOT NULL,
    TEN_SAN_PHAM VARCHAR2(50),
    DON_VI_TINH VARCHAR2(25),
    NGAY_SAN_XUAT DATE,
    HAN_SU_DUNG DATE,
    NHA_CUNG_CAP_ID NUMBER,
    MAT_HANG_ID NUMBER,
    FOREIGN KEY (NHA_CUNG_CAP_ID) REFERENCES inda_01.D_NHA_CUNG_CAP(NHA_CUNG_CAP_ID),
    FOREIGN KEY (MAT_HANG_ID) REFERENCES inda_01.D_MAT_HANG(MAT_HANG_ID)
);

CREATE TABLE inda_01.F_LICH_SU_GIA (
    LICH_SU_GIA_ID NUMBER PRIMARY KEY NOT NULL,
    DON_GIA NUMBER,
    NGAY DATE,
    SAN_PHAM_ID NUMBER,
    FOREIGN KEY (SAN_PHAM_ID) REFERENCES inda_01.D_SAN_PHAM(SAN_PHAM_ID)
);

CREATE TABLE inda_01.D_LOAI_KHUYEN_MAI (
    LOAI_KHUYEN_MAI_ID NUMBER PRIMARY KEY NOT NULL,
    TEN_LOAI_KHUYEN_MAI VARCHAR2(50)
);

CREATE TABLE inda_01.D_KHUYEN_MAI (
    KHUYEN_MAI_ID NUMBER PRIMARY KEY NOT NULL,
    TEN_KHUYEN_MAI VARCHAR2(50),
    NGAY_BAT_DAU DATE,
    NGAY_KET_THUC DATE,
    LOAI_KHUYEN_MAI_ID NUMBER,
    FOREIGN KEY (LOAI_KHUYEN_MAI_ID) REFERENCES inda_01.D_LOAI_KHUYEN_MAI(LOAI_KHUYEN_MAI_ID)
);

CREATE TABLE inda_01.F_BANG_GIA_HIEN_TAI (
    BANG_GIA_ID NUMBER PRIMARY KEY NOT NULL,
    GIA_BAN NUMBER,
    PERCENT_GIAM_GIA NUMBER,
    SAN_PHAM_ID NUMBER,
    SIEU_THI_ID NUMBER,
    KHUYEN_MAI_ID NUMBER,
    FOREIGN KEY (SAN_PHAM_ID) REFERENCES inda_01.D_SAN_PHAM(SAN_PHAM_ID),
    FOREIGN KEY (SIEU_THI_ID) REFERENCES inda_01.D_SIEU_THI(SIEU_THI_ID),
    FOREIGN KEY (KHUYEN_MAI_ID) REFERENCES inda_01.D_KHUYEN_MAI(KHUYEN_MAI_ID)
);

CREATE TABLE inda_01.D_KHACH_HANG (
    KHACH_HANG_ID NUMBER PRIMARY KEY NOT NULL,
    TEN_KHACH_HANG VARCHAR2(100),
    NGAY_SINH DATE,
    SDT VARCHAR2(12),
    EMAIL VARCHAR2(50)
);

CREATE TABLE inda_01.D_HOA_DON (
    HOA_DON_ID NUMBER PRIMARY KEY NOT NULL,
    NGAY_XUAT_DON DATE,
    SIEU_THI_ID NUMBER,
    KHACH_HANG_ID NUMBER,
    FOREIGN KEY (SIEU_THI_ID) REFERENCES inda_01.D_SIEU_THI(SIEU_THI_ID),
    FOREIGN KEY (KHACH_HANG_ID) REFERENCES inda_01.D_KHACH_HANG(KHACH_HANG_ID)
);

CREATE TABLE inda_01.F_CHI_TIET_HOA_DON (
    CHI_TIET_HOA_DON_ID NUMBER PRIMARY KEY NOT NULL,
    SO_LUONG NUMBER,
    HOA_DON_ID NUMBER,
    SAN_PHAM_ID NUMBER,
    FOREIGN KEY (HOA_DON_ID) REFERENCES inda_01.D_HOA_DON(HOA_DON_ID),
    FOREIGN KEY (SAN_PHAM_ID) REFERENCES inda_01.D_SAN_PHAM(SAN_PHAM_ID)
);

CREATE TABLE inda_01.D_HINH_THUC_THANH_TOAN (
    HINH_THUC_THANH_TOAN_ID NUMBER PRIMARY KEY NOT NULL,
    LOAI_HINH_THUC_THANH_TOAN VARCHAR2(50),
    MO_TA VARCHAR2(225)
);

CREATE TABLE inda_01.D_HINH_THUC_THANH_TOAN_CHI_TIET (
    HINH_THUC_THANH_TOAN_CHI_TIET_ID NUMBER PRIMARY KEY NOT NULL,
    HINH_THUC_THANH_TOAN_ID NUMBER,
    HOA_DON_ID NUMBER,
    FOREIGN KEY (HINH_THUC_THANH_TOAN_ID) REFERENCES inda_01.D_HINH_THUC_THANH_TOAN(HINH_THUC_THANH_TOAN_ID),
    FOREIGN KEY (HOA_DON_ID) REFERENCES inda_01.D_HOA_DON(HOA_DON_ID)
);

CREATE TABLE inda_01.D_DON_HUY (
    DON_HUY_ID NUMBER PRIMARY KEY NOT NULL,
    NGAY_XUAT_DON DATE,
    LY_DO_HUY VARCHAR2(225),
    HOA_DON_ID NUMBER,
    FOREIGN KEY (HOA_DON_ID) REFERENCES inda_01.D_HOA_DON(HOA_DON_ID)
);

CREATE TABLE inda_01.D_PHIEU_CHI_TIEN (
    PHIEU_CHI_TIEN_ID NUMBER PRIMARY KEY NOT NULL,
    NGAY_XUAT_DON DATE,
    SO_TIEN NUMBER,
    DON_HUY_ID NUMBER,
    FOREIGN KEY (DON_HUY_ID) REFERENCES inda_01.D_DON_HUY(DON_HUY_ID)
);

CREATE TABLE inda_01.F_CHI_TIET_TRA_HANG (
    CHI_TIET_TRA_HANG_ID NUMBER PRIMARY KEY NOT NULL,
    SO_LUONG NUMBER,
    TINH_TRANG VARCHAR2(50),
    LY_DO VARCHAR2(225),
    DON_HUY_ID NUMBER,
    SAN_PHAM_ID NUMBER,
    FOREIGN KEY (DON_HUY_ID) REFERENCES inda_01.D_DON_HUY(DON_HUY_ID),
    FOREIGN KEY (SAN_PHAM_ID) REFERENCES inda_01.D_SAN_PHAM(SAN_PHAM_ID)
);


CREATE TABLE inda_01.D_HANG_THE (
    HANG_THE_ID NUMBER PRIMARY KEY NOT NULL,
    TEN_HANG_THE VARCHAR2(50),
    UU_DAI VARCHAR2(100)
);

CREATE TABLE inda_01.D_THE_THANH_VIEN (
    THE_THANH_VIEN_ID NUMBER PRIMARY KEY NOT NULL,
    MA_THE VARCHAR2(12),
    DIEM_TICH_LUY NUMBER,
    HANG_THE_ID NUMBER,
    FOREIGN KEY (HANG_THE_ID) REFERENCES inda_01.D_HANG_THE(HANG_THE_ID)
);

CREATE TABLE inda_01.D_TAI_KHOAN (
    TAI_KHOAN_ID NUMBER PRIMARY KEY NOT NULL,
    TAI_KHOAN VARCHAR2(50),
    MAT_KHAU VARCHAR2(50),
    PHAN_QUYEN VARCHAR2(50),
    KHACH_HANG_ID NUMBER,
    FOREIGN KEY (KHACH_HANG_ID) REFERENCES inda_01.D_KHACH_HANG(KHACH_HANG_ID)
);

CREATE TABLE inda_01.F_LICH_SU_GIAO_DICH (
    GIAO_DICH_ID NUMBER PRIMARY KEY NOT NULL,
    TONG_TIEN NUMBER,
    NGAY_MUA_HANG DATE,
    KHACH_HANG_ID NUMBER,
    FOREIGN KEY (KHACH_HANG_ID) REFERENCES inda_01.D_KHACH_HANG(KHACH_HANG_ID)
);

CREATE TABLE inda_01.D_CUA_HANG_TRUONG (
    CH_TRUONG_ID NUMBER PRIMARY KEY NOT NULL,
    TEN_CUA_HANG_TRUONG VARCHAR2(50),
    NGAY_SINH DATE,
    QUE_QUAN VARCHAR2(50),
    SDT VARCHAR2(12),
    SIEU_THI_ID NUMBER,
    FOREIGN KEY (SIEU_THI_ID) REFERENCES inda_01.D_SIEU_THI(SIEU_THI_ID)
);

CREATE TABLE inda_01.D_CA_LAM_VIEC (
    CA_LAM_VIEC_ID NUMBER PRIMARY KEY NOT NULL,
    TEN_CA VARCHAR2(25),
    GIO_BAT_DAU_CA NUMBER,
    GIO_KET_THUC_CA NUMBER
);

CREATE TABLE inda_01.D_VI_TRI_NHAN_VIEN (
    CHUC_VU_ID NUMBER PRIMARY KEY NOT NULL,
    TEN_CHUC_VU VARCHAR2(25),
    NHIEM_VU VARCHAR2(225)
);

CREATE TABLE inda_01.D_NHAN_VIEN (
    NHAN_VIEN_ID NUMBER PRIMARY KEY NOT NULL,
    TEN_NHAN_VIEN VARCHAR2(50),
    NGAY_SINH DATE,
    QUE_QUAN VARCHAR2(50),
    SDT VARCHAR2(12),
    QUAN_LI_ID NUMBER,
    SIEU_THI_ID NUMBER,
    CH_TRUONG_ID NUMBER,
    CHUC_VU_ID NUMBER,
    FOREIGN KEY (QUAN_LI_ID) REFERENCES inda_01.D_NHAN_VIEN(NHAN_VIEN_ID),
    FOREIGN KEY (SIEU_THI_ID) REFERENCES inda_01.D_SIEU_THI(SIEU_THI_ID),
    FOREIGN KEY (CH_TRUONG_ID) REFERENCES inda_01.D_CUA_HANG_TRUONG(CH_TRUONG_ID),
    FOREIGN KEY (CHUC_VU_ID) REFERENCES inda_01.D_VI_TRI_NHAN_VIEN(CHUC_VU_ID)
);

CREATE TABLE inda_01.D_BIEN_BAN_BAN_GIAO (
    BIEN_BAN_ID NUMBER PRIMARY KEY NOT NULL,
    NGAY_BAN_GIAO DATE,
    CA_GIAO VARCHAR2(25),
    SO_TIEN NUMBER,
    NHAN_VIEN_ID NUMBER,
    SIEU_THI_ID NUMBER,
    FOREIGN KEY (NHAN_VIEN_ID) REFERENCES inda_01.D_NHAN_VIEN(NHAN_VIEN_ID),
    FOREIGN KEY (SIEU_THI_ID) REFERENCES inda_01.D_SIEU_THI(SIEU_THI_ID)
);

CREATE TABLE inda_01.D_BANG_CHAM_CONG (
    CHAM_CONG_ID NUMBER PRIMARY KEY NOT NULL,
    SO_GIO_LAM NUMBER,
    NHAN_VIEN_ID NUMBER,
    CA_LAM_VIEC_ID NUMBER,
    FOREIGN KEY (NHAN_VIEN_ID) REFERENCES inda_01.D_NHAN_VIEN(NHAN_VIEN_ID),
    FOREIGN KEY (CA_LAM_VIEC_ID) REFERENCES inda_01.D_CA_LAM_VIEC(CA_LAM_VIEC_ID)
);

CREATE TABLE inda_01.D_BANG_LUONG (
    LUONG_ID NUMBER PRIMARY KEY NOT NULL,
    LUONG_CUNG NUMBER,
    THUONG NUMBER,
    NHAN_VIEN_ID NUMBER,
    FOREIGN KEY (NHAN_VIEN_ID) REFERENCES inda_01.D_NHAN_VIEN(NHAN_VIEN_ID)
);

CREATE TABLE inda_01.D_KHO_TON (
    KHO_ID NUMBER PRIMARY KEY NOT NULL,
    DIA_CHI VARCHAR2(50)
);

CREATE TABLE inda_01.D_BIEN_BAN_XUAT_NHAP (
    BIEN_BAN_ID NUMBER PRIMARY KEY NOT NULL,
    MA_CHUNG_TU VARCHAR2(25) NOT NULL,
    NGAY DATE,
    LY_DO VARCHAR2(225),
    LOAI_BIEN_BAN VARCHAR2(25),
    KHO_ID NUMBER,
    SIEU_THI_ID NUMBER,
    FOREIGN KEY (KHO_ID) REFERENCES inda_01.D_KHO_TON(KHO_ID),
    FOREIGN KEY (SIEU_THI_ID) REFERENCES inda_01.D_SIEU_THI(SIEU_THI_ID)
);

CREATE TABLE inda_01.F_TON_KHO_HIEN_TAI (
    CHI_TIET_KHO_ID NUMBER PRIMARY KEY NOT NULL,
    SO_LUONG NUMBER,
    KHO_ID NUMBER,
    SAN_PHAM_ID NUMBER,
    FOREIGN KEY (KHO_ID) REFERENCES inda_01.D_KHO_TON(KHO_ID),
    FOREIGN KEY (SAN_PHAM_ID) REFERENCES inda_01.D_SAN_PHAM(SAN_PHAM_ID)
);

CREATE TABLE inda_01.F_CHI_TIET_XUAT_NHAP_KHO (
    CHI_TIET_XUAT_NHAP_KHO_ID NUMBER PRIMARY KEY NOT NULL,
    SO_LUONG NUMBER,
    KHO_ID NUMBER,
    SAN_PHAM_ID NUMBER,
    FOREIGN KEY (KHO_ID) REFERENCES inda_01.D_KHO_TON(KHO_ID),
    FOREIGN KEY (SAN_PHAM_ID) REFERENCES inda_01.D_SAN_PHAM(SAN_PHAM_ID)
);

-- ADD Check constraints
ALTER TABLE inda_01.D_KHACH_HANG
ADD CONSTRAINT CHK_D_KHACH_HANG_SDT CHECK (LENGTH(SDT) = 10);

ALTER TABLE inda_01.D_TAI_KHOAN
ADD CONSTRAINT CHK_D_TAI_KHOAN_EMAIL CHECK (EMAIL LIKE '%@%');

ALTER TABLE inda_01.D_BANG_CHAM_CONG
ADD CONSTRAINT CHK_D_BANG_CHAM_CONG_SO_GIO_LAM CHECK (SO_GIO_LAM >= 0);

ALTER TABLE inda_01.D_BANG_LUONG
ADD CONSTRAINT CHK_D_BANG_LUONG_LUONG_CUNG CHECK (LUONG_CUNG >= 0),
ADD CONSTRAINT CHK_D_BANG_LUONG_THUONG CHECK (THUONG >= 0);

ALTER TABLE inda_01.D_BIEN_BAN_XUAT_NHAP
ADD CONSTRAINT CHK_D_BIEN_BAN_XUAT_NHAP_LOAI_BIEN_BAN CHECK (LOAI_BIEN_BAN IN ('Xuất kho', 'Nhập kho'));

ALTER TABLE inda_01.F_TON_KHO_HIEN_TAI
ADD CONSTRAINT CHK_F_TON_KHO_HIEN_TAI_SO_LUONG CHECK (SO_LUONG >= 0);

ALTER TABLE inda_01.F_CHI_TIET_XUAT_NHAP_KHO
ADD CONSTRAINT CHK_F_CHI_TIET_XUAT_NHAP_KHO_SO_LUONG CHECK (SO_LUONG >= 0);

-- ADD RECORDS

INSERT INTO inda_01.D_VI_TRI_SIEU_THI (VI_TRI_ID, LOAI_VI_TRI, MIEU_TA)
VALUES (1, 'Quầy thanh toán', 'Quầy thanh toán giao dịch với khách hàng');

INSERT INTO inda_01.D_VI_TRI_SIEU_THI (VI_TRI_ID, LOAI_VI_TRI, MIEU_TA)
VALUES (2, 'Quầy thông tin', 'Quầy cung cấp thông tin sản phẩm và dịch vụ');

INSERT INTO inda_01.D_CHI_NHANH (CHI_NHANH_ID, TEN_CHI_NHANH)
VALUES (1, 'Chi nhánh A');

INSERT INTO inda_01.D_CHI_NHANH (CHI_NHANH_ID, TEN_CHI_NHANH)
VALUES (2, 'Chi nhánh B');

INSERT INTO inda_01.D_SIEU_THI (SIEU_THI_ID, DIA_CHI, DIEN_TICH_MAT_BANG, VI_TRI_ID, CHI_NHANH_ID)
VALUES (1, '123 Đường ABC, Quận 1, TP.HCM', 500, 1, 1);

INSERT INTO inda_01.D_SIEU_THI (SIEU_THI_ID, DIA_CHI, DIEN_TICH_MAT_BANG, VI_TRI_ID, CHI_NHANH_ID)
VALUES (2, '456 Đường XYZ, Quận 2, TP.HCM', 700, 2, 2);

INSERT INTO inda_01.D_NHA_CUNG_CAP (NHA_CUNG_CAP_ID, TEN_NHA_CUNG_CAP, DIA_CHI)
VALUES (1, 'Công ty A', '789 Đường XYZ, TP.HCM');

INSERT INTO inda_01.D_NHA_CUNG_CAP (NHA_CUNG_CAP_ID, TEN_NHA_CUNG_CAP, DIA_CHI)
VALUES (2, 'Công ty B', '456 Đường ABC, TP.HCM');

INSERT INTO inda_01.D_MAT_HANG (MAT_HANG_ID, TEN_MAT_HANG)
VALUES (1, 'Điện thoại di động');

INSERT INTO inda_01.D_MAT_HANG (MAT_HANG_ID, TEN_MAT_HANG)
VALUES (2, 'Máy tính bảng');

INSERT INTO inda_01.D_SAN_PHAM (SAN_PHAM_ID, TEN_SAN_PHAM, DON_VI_TINH, NGAY_SAN_XUAT, HAN_SU_DUNG, NHA_CUNG_CAP_ID, MAT_HANG_ID)
VALUES (1, 'iPhone 13', 'Cái', TO_DATE('2023-01-01', 'YYYY-MM-DD'), TO_DATE('2024-01-01', 'YYYY-MM-DD'), 1, 1);

INSERT INTO inda_01.D_SAN_PHAM (SAN_PHAM_ID, TEN_SAN_PHAM, DON_VI_TINH, NGAY_SAN_XUAT, HAN_SU_DUNG, NHA_CUNG_CAP_ID, MAT_HANG_ID)
VALUES (2, 'Samsung Galaxy Tab S8', 'Cái', TO_DATE('2023-01-15', 'YYYY-MM-DD'), TO_DATE('2024-01-15', 'YYYY-MM-DD'), 2, 2);

INSERT INTO inda_01.F_LICH_SU_GIA (LICH_SU_GIA_ID, DON_GIA, NGAY, SAN_PHAM_ID)
VALUES (1, 15000000, TO_DATE('2023-01-01', 'YYYY-MM-DD'), 1);

INSERT INTO inda_01.F_LICH_SU_GIA (LICH_SU_GIA_ID, DON_GIA, NGAY, SAN_PHAM_ID)
VALUES (2, 8000000, TO_DATE('2023-01-15', 'YYYY-MM-DD'), 2);

INSERT INTO inda_01.D_LOAI_KHUYEN_MAI (LOAI_KHUYEN_MAI_ID, TEN_LOAI_KHUYEN_MAI)
VALUES (1, 'Giảm giá');

INSERT INTO inda_01.D_LOAI_KHUYEN_MAI (LOAI_KHUYEN_MAI_ID, TEN_LOAI_KHUYEN_MAI)
VALUES (2, 'Tặng quà');

INSERT INTO inda_01.D_KHUYEN_MAI (KHUYEN_MAI_ID, TEN_KHUYEN_MAI, NGAY_BAT_DAU, NGAY_KET_THUC, LOAI_KHUYEN_MAI_ID)
VALUES (1, 'Giảm giá đầu năm', TO_DATE('2023-01-01', 'YYYY-MM-DD'), TO_DATE('2023-01-31', 'YYYY-MM-DD'), 1);

INSERT INTO inda_01.D_KHUYEN_MAI (KHUYEN_MAI_ID, TEN_KHUYEN_MAI, NGAY_BAT_DAU, NGAY_KET_THUC, LOAI_KHUYEN_MAI_ID)
VALUES (2, 'Tặng quà sinh nhật', TO_DATE('2023-01-15', 'YYYY-MM-DD'), TO_DATE('2023-01-20', 'YYYY-MM-DD'), 2);

INSERT INTO inda_01.F_BANG_GIA_HIEN_TAI (BANG_GIA_ID, GIA_BAN, SAN_PHAM_ID, SIEU_THI_ID)
VALUES (1, 16000000, 1, 1);

INSERT INTO inda_01.F_BANG_GIA_HIEN_TAI (BANG_GIA_ID, GIA_BAN, SAN_PHAM_ID, SIEU_THI_ID)
VALUES (2, 8500000, 2, 2);

INSERT INTO inda_01.D_KHACH_HANG (KHACH_HANG_ID, TEN_KHACH_HANG, NGAY_SINH, SDT, EMAIL)
VALUES (1, 'Nguyễn Văn A', TO_DATE('1990-01-01', 'YYYY-MM-DD'), '0901234567', 'nguyenvana@gmail.com');

INSERT INTO inda_01.D_KHACH_HANG (KHACH_HANG_ID, TEN_KHACH_HANG, NGAY_SINH, SDT, EMAIL)
VALUES (2, 'Trần Thị B', TO_DATE('1995-01-15', 'YYYY-MM-DD'), '0912345678', 'tranthib@gmail.com');

INSERT INTO inda_01.D_HOA_DON (HOA_DON_ID, NGAY_XUAT_DON, SIEU_THI_ID, KHACH_HANG_ID)
VALUES (1, TO_DATE('2023-01-01', 'YYYY-MM-DD'), 1, 1);

INSERT INTO inda_01.D_HOA_DON (HOA_DON_ID, NGAY_XUAT_DON, SIEU_THI_ID, KHACH_HANG_ID)
VALUES (2, TO_DATE('2023-01-15', 'YYYY-MM-DD'), 2, 2);

INSERT INTO inda_01.F_CHI_TIET_HOA_DON (CHI_TIET_HOA_DON_ID, SO_LUONG, HOA_DON_ID, SAN_PHAM_ID)
VALUES (1, 2, 1, 1);

INSERT INTO inda_01.F_CHI_TIET_HOA_DON (CHI_TIET_HOA_DON_ID, SO_LUONG, HOA_DON_ID, SAN_PHAM_ID)
VALUES (2, 1, 2, 2);

INSERT INTO inda_01.D_HINH_THUC_THANH_TOAN (HINH_THUC_THANH_TOAN_ID, LOAI_HINH_THUC_THANH_TOAN, MO_TA)
VALUES (1, 'Tiền mặt', 'Thanh toán bằng tiền mặt khi nhận hàng');

INSERT INTO inda_01.D_HINH_THUC_THANH_TOAN (HINH_THUC_THANH_TOAN_ID, LOAI_HINH_THUC_THANH_TOAN, MO_TA)
VALUES (2, 'Chuyển khoản', 'Thanh toán qua chuyển khoản ngân hàng');

INSERT INTO inda_01.D_HINH_THUC_THANH_TOAN_CHI_TIET (HINH_THUC_THANH_TOAN_CHI_TIET_ID, HINH_THUC_THANH_TOAN_ID, HOA_DON_ID)
VALUES (1, 1, 1);

INSERT INTO inda_01.D_HINH_THUC_THANH_TOAN_CHI_TIET (HINH_THUC_THANH_TOAN_CHI_TIET_ID, HINH_THUC_THANH_TOAN_ID, HOA_DON_ID)
VALUES (2, 2, 2);

INSERT INTO inda_01.D_DON_HUY (DON_HUY_ID, NGAY_XUAT_DON, LY_DO_HUY, HOA_DON_ID)
VALUES (1, TO_DATE('2023-01-01', 'YYYY-MM-DD'), 'Hết hạn sử dụng', 1);

INSERT INTO inda_01.D_DON_HUY (DON_HUY_ID, NGAY_XUAT_DON, LY_DO_HUY, HOA_DON_ID)
VALUES (2, TO_DATE('2023-01-15', 'YYYY-MM-DD'), 'Khách hàng yêu cầu hủy đơn', 2);

INSERT INTO inda_01.D_PHIEU_CHI_TIEN (PHIEU_CHI_TIEN_ID, NGAY_XUAT_DON, SO_TIEN, DON_HUY_ID)
VALUES (1, TO_DATE('2023-01-01', 'YYYY-MM-DD'), 1000000, 1);

INSERT INTO inda_01.D_PHIEU_CHI_TIEN (PHIEU_CHI_TIEN_ID, NGAY_XUAT_DON, SO_TIEN, DON_HUY_ID)
VALUES (2, TO_DATE('2023-01-15', 'YYYY-MM-DD'), 500000, 2);

INSERT INTO inda_01.F_CHI_TIET_TRA_HANG (CHI_TIET_TRA_HANG_ID, SO_LUONG, TINH_TRANG, LY_DO, DON_HUY_ID, SAN_PHAM_ID)
VALUES (1, 1, 'Đã sử dụng', 'Sản phẩm có lỗi kỹ thuật', 1, 1);

INSERT INTO inda_01.F_CHI_TIET_TRA_HANG (CHI_TIET_TRA_HANG_ID, SO_LUONG, TINH_TRANG, LY_DO, DON_HUY_ID, SAN_PHAM_ID)
VALUES (2, 1, 'Mới', 'Không đúng sản phẩm yêu cầu', 2, 2);

INSERT INTO inda_01.D_HANG_THE (HANG_THE_ID, TEN_HANG_THE, UU_DAI)
VALUES (1, 'Thành viên VIP', 'Giảm 10% cho mỗi lần mua hàng');

INSERT INTO inda_01.D_HANG_THE (HANG_THE_ID, TEN_HANG_THE, UU_DAI)
VALUES (2, 'Thành viên thường', 'Không có ưu đãi đặc biệt');

INSERT INTO inda_01.D_THE_THANH_VIEN (THE_THANH_VIEN_ID, MA_THE, DIEM_TICH_LUY, HANG_THE_ID)
VALUES (1, 'TVIP001', 1000, 1);

INSERT INTO inda_01.D_THE_THANH_VIEN (THE_THANH_VIEN_ID, MA_THE, DIEM_TICH_LUY, HANG_THE_ID)
VALUES (2, 'TT001', 500, 2);

INSERT INTO inda_01.D_TAI_KHOAN (TAI_KHOAN_ID, TAI_KHOAN, MAT_KHAU, PHAN_QUYEN, KHACH_HANG_ID)
VALUES (1, 'nguyenvana', 'password123', 'Khách hàng', 1);

INSERT INTO inda_01.D_TAI_KHOAN (TAI_KHOAN_ID, TAI_KHOAN, MAT_KHAU, PHAN_QUYEN, KHACH_HANG_ID)
VALUES (2, 'tranthib', 'abc@123', 'Khách hàng', 2);

INSERT INTO inda_01.F_LICH_SU_GIAO_DICH (GIAO_DICH_ID, TONG_TIEN, NGAY_MUA_HANG, KHACH_HANG_ID)
VALUES (1, 16000000, TO_DATE('2023-01-01', 'YYYY-MM-DD'), 1);

INSERT INTO inda_01.F_LICH_SU_GIAO_DICH (GIAO_DICH_ID, TONG_TIEN, NGAY_MUA_HANG, KHACH_HANG_ID)
VALUES (2, 8500000, TO_DATE('2023-01-15', 'YYYY-MM-DD'), 2);

INSERT INTO inda_01.D_CUA_HANG_TRUONG (CH_TRUONG_ID, TEN_CUA_HANG_TRUONG, NGAY_SINH, QUE_QUAN, SDT, SIEU_THI_ID)
VALUES (1, 'Nguyễn Văn Trường', TO_DATE('1980-01-01', 'YYYY-MM-DD'), 'Hà Nội', '0987654321', 1);

INSERT INTO inda_01.D_CUA_HANG_TRUONG (CH_TRUONG_ID, TEN_CUA_HANG_TRUONG, NGAY_SINH, QUE_QUAN, SDT, SIEU_THI_ID)
VALUES (2, 'Phạm Thị Lan', TO_DATE('1985-01-15', 'YYYY-MM-DD'), 'Hải Phòng', '0976543210', 2);

INSERT INTO inda_01.D_CA_LAM_VIEC (CA_LAM_VIEC_ID, TEN_CA, GIO_BAT_DAU_CA, GIO_KET_THUC_CA)
VALUES (1, 'Ca sáng', 8, 12);

INSERT INTO inda_01.D_CA_LAM_VIEC (CA_LAM_VIEC_ID, TEN_CA, GIO_BAT_DAU_CA, GIO_KET_THUC_CA)
VALUES (2, 'Ca chiều', 13, 17);

INSERT INTO inda_01.D_VI_TRI_NHAN_VIEN (CHUC_VU_ID, TEN_CHUC_VU, NHIEM_VU)
VALUES (1, 'Nhân viên bán hàng', 'Tư vấn và bán sản phẩm cho khách hàng');

INSERT INTO inda_01.D_VI_TRI_NHAN_VIEN (CHUC_VU_ID, TEN_CHUC_VU, NHIEM_VU)
VALUES (2, 'Quản lý kho', 'Quản lý và kiểm soát hàng tồn kho');

INSERT INTO inda_01.D_NHAN_VIEN (NHAN_VIEN_ID, TEN_NHAN_VIEN, NGAY_SINH, QUE_QUAN, SDT, QUAN_LI_ID, SIEU_THI_ID, CH_TRUONG_ID, CHUC_VU_ID)
VALUES (1, 'Nguyễn Thị Nhân', TO_DATE('1990-01-01', 'YYYY-MM-DD'), 'Hà Nội', '0901234567', NULL, 1, 1, 1);

INSERT INTO inda_01.D_NHAN_VIEN (NHAN_VIEN_ID, TEN_NHAN_VIEN, NGAY_SINH, QUE_QUAN, SDT, QUAN_LI_ID, SIEU_THI_ID, CH_TRUONG_ID, CHUC_VU_ID)
VALUES (2, 'Trần Văn Nam', TO_DATE('1995-01-15', 'YYYY-MM-DD'), 'Hải Phòng', '0912345678', 1, 2, 2, 2);

INSERT INTO inda_01.D_BIEN_BAN_BAN_GIAO (BIEN_BAN_ID, NGAY_BAN_GIAO, CA_GIAO, SO_TIEN, NHAN_VIEN_ID, SIEU_THI_ID)
VALUES (1, TO_DATE('2023-01-01', 'YYYY-MM-DD'), 'Ca sáng', 16000000, 1, 1);

INSERT INTO inda_01.D_BIEN_BAN_BAN_GIAO (BIEN_BAN_ID, NGAY_BAN_GIAO, CA_GIAO, SO_TIEN, NHAN_VIEN_ID, SIEU_THI_ID)
VALUES (2, TO_DATE('2023-01-15', 'YYYY-MM-DD'), 'Ca chiều', 8500000, 2, 2);

INSERT INTO inda_01.D_BANG_CHAM_CONG (CHAM_CONG_ID, SO_GIO_LAM, NHAN_VIEN_ID, CA_LAM_VIEC_ID)
VALUES (1, 40, 1, 1);

INSERT INTO inda_01.D_BANG_CHAM_CONG (CHAM_CONG_ID, SO_GIO_LAM, NHAN_VIEN_ID, CA_LAM_VIEC_ID)
VALUES (2, 32, 2, 2);

INSERT INTO inda_01.D_BANG_LUONG (LUONG_ID, LUONG_CUNG, THUONG, NHAN_VIEN_ID)
VALUES (1, 15000000, 1000000, 1);

INSERT INTO inda_01.D_BANG_LUONG (LUONG_ID, LUONG_CUNG, THUONG, NHAN_VIEN_ID)
VALUES (2, 8000000, 500000, 2);

INSERT INTO inda_01.D_KHO_TON (KHO_ID, DIA_CHI)
VALUES (1, 'Kho Hà Nội');

INSERT INTO inda_01.D_KHO_TON (KHO_ID, DIA_CHI)
VALUES (2, 'Kho Hải Phòng');

INSERT INTO inda_01.D_BIEN_BAN_XUAT_NHAP (BIEN_BAN_ID, MA_CHUNG_TU, NGAY, LY_DO, LOAI_BIEN_BAN, KHO_ID, SIEU_THI_ID)
VALUES (1, 'XN001', TO_DATE('2023-01-01', 'YYYY-MM-DD'), 'Xuất hàng cho khách hàng', 'Xuất kho', 1, 1);

INSERT INTO inda_01.D_BIEN_BAN_XUAT_NHAP (BIEN_BAN_ID, MA_CHUNG_TU, NGAY, LY_DO, LOAI_BIEN_BAN, KHO_ID, SIEU_THI_ID)
VALUES (2, 'XN002', TO_DATE('2023-01-15', 'YYYY-MM-DD'), 'Nhập hàng từ nhà cung cấp', 'Nhập kho', 2, 2);

INSERT INTO inda_01.F_TON_KHO_HIEN_TAI (CHI_TIET_KHO_ID, SO_LUONG, KHO_ID, SAN_PHAM_ID)
VALUES (1, 20, 1, 1);

INSERT INTO inda_01.F_TON_KHO_HIEN_TAI (CHI_TIET_KHO_ID, SO_LUONG, KHO_ID, SAN_PHAM_ID)
VALUES (2, 15, 2, 2);

INSERT INTO inda_01.F_CHI_TIET_XUAT_NHAP_KHO (CHI_TIET_XUAT_NHAP_KHO_ID, SO_LUONG, KHO_ID, SAN_PHAM_ID)
VALUES (1, 10, 1, 1);

INSERT INTO inda_01.F_CHI_TIET_XUAT_NHAP_KHO (CHI_TIET_XUAT_NHAP_KHO_ID, SO_LUONG, KHO_ID, SAN_PHAM_ID)
VALUES (2, 8, 2, 2);
